<?xml version="1.0" encoding="UTF-8"?><?xml-stylesheet type='text/xsl' href='_UpgradeReport_Files/UpgradeReport.xslt'?><UpgradeLog>
<Properties><Property Name="Solution" Value="tictactoe">
</Property><Property Name="Solution File" Value="C:\Users\jkelleher.CAMPUS\Documents\Visual Studio 2008\Projects\===WPF\tictactoe\tictactoe.sln">
</Property><Property Name="Date" Value="03 November 2010">
</Property><Property Name="Time" Value="10:39">
</Property></Properties><Event ErrorLevel="0" Project="tictactoe" Source="tictactoe.csproj" Description="Project converted successfully">
</Event><Event ErrorLevel="3" Project="tictactoe" Source="tictactoe.csproj" Description="Converted">
</Event><Event ErrorLevel="0" Project="" Source="tictactoe.sln" Description="Solution converted successfully">
</Event><Event ErrorLevel="3" Project="" Source="tictactoe.sln" Description="Converted">
</Event><Event ErrorLevel="0" Project="tictactoe" Source="tictactoe.csproj" Description="Scan complete: Upgrade not required for project files.">
</Event></UpgradeLog>